"","Estimate","Std. Error","z value","Pr(>|z|)"
"(Intercept)",0.589607338434,0.00584560834214286,100.863298381339,0
"dist_road",-0.0266102575711599,0.00200506471274676,-13.2715205658905,3.38638767050187e-40
"dist_uc",-0.00449947973267614,0.000160465253150561,-28.0402120978452,5.25812777692838e-173
"dist_road:dist_uc",-0.0197347869721423,7.37920992977327e-05,-267.437668259273,0
